{
  "index": "/index.html",
  "assetGroups": [
    {
      "name": "app",
      "installMode": "prefetch",
      "resources": {
        "files": [
          "/favicon.ico",
          "/index.html",
          "/*.css",
          "/*.js"
        ]
      }
    }, {
      "name": "assets",
      "installMode": "lazy",
      "updateMode": "prefetch",
      "resources": {
        "files": [
          "/assets/**",
          "/*.(eot|svg|cur|jpg|png|webp|gif|otf|ttf|woff|woff2|ani)"
        ]
      }
    }
  ],"dataGroups": [
    {
      "name": "api-performance",
      "urls": [
        "http://13.126.31.198:8080/attributeTemplates"
      ],
      "cacheConfig": {
        "strategy": "performance",
        "maxSize": 100,
        "timeout":"10s",
        "maxAge": "3d"
      }
    }
  ]
}
